locale,title,short_description,full_description
zh-CN,BountyOS,"只读的移动端漏洞赏金控制台，聚合 HackerOne、Bugcrowd、Intigriti、YesWeHack。","BountyOS 是一款面向漏洞赏金猎人的只读移动端运营控制台。它把你在各大赏金平台上的报告、状态与奖励，汇聚到一个干净、快速的界面中，让你随时掌握进度，而不必在多个网站之间反复切换。

应用完全在设备本地运行，没有开发者自建的后端服务器，也不需要注册任何额外账号。

【核心能力】
• 多平台聚合：统一接入 HackerOne、Bugcrowd、Intigriti 与 YesWeHack，一处查看全部报告。
• 报告总览：按平台、状态与严重程度浏览提交，快速找到需要跟进的项目。
• 状态归一化：不同平台各自的状态命名会被统一映射，筛选与对比更直观。
• 奖励追踪：集中查看已发放奖励，一眼了解整体收益。
• 活动时间线：按时间顺序回顾提交、状态变更与奖励到账等关键事件。
• 本地通知：出现新提交、状态变化或奖励到账时，通过本地通知及时提醒。
• 后台同步：借助系统后台任务定期同步，打开应用即是最新内容。
• 本地缓存：已同步的数据缓存在本机，离线也能浏览。
• ExploitDB 浏览：内置 Exploit Database 浏览，支持搜索、代码高亮与一键复制。
• MITRE ATT&CK 全图：以地图方式浏览全部战术与技术（TTP）。
• Hai AI 助手：基于你自己配置的 HackerOne 凭证，提供便捷的辅助能力。

【隐私与安全】
• 凭证加密：所有平台凭证使用 Android Keystore 加密后保存在本机。
• 无开发者后端：你的数据不会被上传到开发者运营的服务器。
• 只读原则：BountyOS 不会代替你提交、修改或删除任何内容，只做查看与整理。

【为什么选择 BountyOS】
• 轻量、快速，专为移动场景设计。
• 三套界面主题，随心切换。
• 无广告，无强制注册。
• 开源透明，代码可公开查阅与审计。

【适用人群】
• 同时参与多个赏金平台的独立猎人。
• 需要随时跟进报告状态的研究者与团队。

【系统要求】
Android 8.0（API 26）及以上。

BountyOS 以「只读」为核心设计，帮助你更专注于追踪漏洞赏金进展，且不会改变你在各平台上的任何操作。

开源地址：https://github.com/ctkqiang/BountyOS"
en-US,BountyOS,"Read-only mobile console for HackerOne, Bugcrowd, Intigriti and YesWeHack.","BountyOS is a read-only mobile operations console built for bug bounty hunters. It brings your reports, statuses, and rewards from multiple bounty platforms into one clean, fast interface, so you always know where things stand without hopping between websites.

The app runs entirely on your device. There is no developer-operated backend, and no extra account to sign up for.

Core capabilities
• Multi-platform aggregation: HackerOne, Bugcrowd, Intigriti, and YesWeHack in one place.
• Report overview: browse submissions by platform, status, and severity to spot what needs follow-up.
• Status normalization: each platform's own status names are mapped to a common set, making filtering and comparison far easier.
• Reward tracking: see paid rewards in one view and understand your overall earnings at a glance.
• Activity timeline: review submissions, status changes, and reward events in chronological order.
• Local notifications: get notified on your device when a new submission, status change, or reward arrives.
• Background sync: periodic system background tasks keep your data fresh, so the app is up to date whenever you open it.
• Local cache: synced data is cached on your device, so you can browse even when offline.
• ExploitDB browsing: a built-in Exploit Database browser with search, code highlighting, and one-tap copy.
• MITRE ATT&CK map: browse every tactic and technique (TTP) on a map.
• Hai AI assistant: convenient assistance powered by your own configured HackerOne credentials.

Privacy and security
• Encrypted credentials: all platform credentials are encrypted with the Android Keystore and stored on your device.
• No developer backend: your data is never uploaded to a developer-operated server.
• Read-only by design: BountyOS never submits, edits, or deletes anything on your behalf. It only reads and organizes.

Why BountyOS
• Lightweight and fast, designed for mobile.
• Three UI themes to switch between.
• No ads, no forced sign-up.
• Open source and transparent, with code you can publicly review and audit.

Who it's for
• Independent hunters active on multiple bounty platforms.
• Researchers and teams who need to track report status on the go.

Requirements
Android 8.0 (API 26) or later.

BountyOS is built around a read-only principle, helping you stay focused on tracking your bug bounty progress without changing anything you do on those platforms.

Source code: https://github.com/ctkqiang/BountyOS"
